{
  "setting": {
    "es6": true,
    "enhance": true,
    "minified": true,
    "postcss": false,
    "minifyWXSS": true,
    "minifyWXML": true,
    "uglifyFileName": true,
    "packNpmManually": true,
    "packNpmRelationList": [
      {
        "packageJsonPath": "./package.json",
        "miniprogramNpmDistDir": "./"
      }
    ],
    "babelSetting": {
      "ignore": [],
      "disablePlugins": [],
      "outputPath": ""
    },
    "minLibVersion": "3.0.2"
  },
  "condition": {},
  "description": "项目配置文件",
  "compileType": "miniprogram",
  "libVersion": "3.0.2",
  "appid": "wx88c4f1eef9027ba3",
  "projectname": "DHUA",
  "packOptions": {
    "ignore": [
      {
        "value": "/minitest",
        "type": "folder"
      }
    ],
    "include": []
  },
  "editorSetting": {
    "tabIndent": "insertSpaces",
    "tabSize": 2
  },
  "testRoot": "minitest/"
}