{
  "autoplay": true,        // true:自动播放  false:手动播放
  "interval": 3000,        // 自动播放间隔时间(毫秒)
  "duration": 500,         // 切换动画时长(毫秒)
  "circular": true,        // true:循环播放  false:不循环
  "indicatorDots": true,   // true:显示指示点  false:隐藏指示点
  "vertical": false,       // true:垂直滑动  false:水平滑动
  
  // 点击事件配置
  "onClick": {
    "enable": true,        // true:启用点击  false:禁用点击
    "navigateType": "page" // page:跳转页面  url:跳转链接
  }
} 