{
  "list": [
    {
      "id": 1,
      "imageUrl": "cloud://xxx.jpg",
      "title": "2024春季新品发布",
      "subtitle": "解锁春季新时尚",
      "description": "点击查看详情"
    },
    {
      "id": 2,
      "imageUrl": "cloud://xxx.jpg",
      "title": "限时特惠活动",
      "subtitle": "全场8折起",
      "description": "更多优惠等你来"
    },
    {
      "id": 3,
      "imageUrl": "cloud://xxx.jpg",
      "title": "会员专享福利",
      "subtitle": "会员日特别活动",
      "description": "立即查看"
    }
  ]
} 