{
  "swiper": {
    "height": "400rpx",
    "backgroundColor": "#f5f5f5",
    "borderRadius": "12rpx"
  },
  "title": {
    "fontSize": "36rpx",
    "color": "#ffffff",
    "fontWeight": "bold"
  },
  "subtitle": {
    "fontSize": "28rpx",
    "color": "#ffffff",
    "opacity": 0.9
  },
  "description": {
    "fontSize": "24rpx",
    "color": "#ffffff",
    "opacity": 0.8
  },
  "indicator": {
    "normalColor": "rgba(255, 255, 255, 0.3)",
    "activeColor": "#ffffff",
    "size": "8rpx",
    "spacing": "8rpx"
  }
} 