{
  "description": "项目私有配置文件。此文件中的内容将覆盖 project.config.json 中的相同字段。项目的改动优先同步到此文件中。详见文档：https://developers.weixin.qq.com/miniprogram/dev/devtools/projectconfig.html",
  "projectname": "%E7%BE%8E%E7%94%B2%E5%AD%A6%E9%99%A2",
  "setting": {
    "compileHotReLoad": true,
    "urlCheck": false,
    "skylineRenderEnable": true,
    "lazyloadPlaceholderEnable": true
  },
  "condition": {
    "miniprogram": {
      "list": [
        {
          "name": "详情页。",
          "pathName": "pages/detail/index",
          "query": "",
          "launchMode": "default",
          "scene": null
        },
        {
          "name": "启动液。",
          "pathName": "pages/index/index",
          "query": "",
          "launchMode": "default",
          "scene": null
        },
        {
          "name": "瀑布流。",
          "pathName": "pages/gallery/index",
          "query": "",
          "launchMode": "default",
          "scene": null
        }
      ]
    }
  },
  "libVersion": "3.7.9"
}