{
  "description": "项目私有配置文件。此文件中的内容将覆盖 project.config.json 中的相同字段。项目的改动优先同步到此文件中。详见文档：https://developers.weixin.qq.com/miniprogram/dev/devtools/projectconfig.html",
  "projectname": "%E5%89%8D%E7%AB%AF%E6%96%87%E4%BB%B6%20-%20%E5%89%AF%E6%9C%AC%20-%20%E5%89%AF%E6%9C%AC%20-%20%E5%89%AF%E6%9C%AC",
  "setting": {
    "compileHotReLoad": true,
    "skylineRenderEnable": true
  },
  "libVersion": "3.7.8"
}