{
  "// 第一张轮播图配置": "",
  "// 请按照说明修改下面的内容": "",
  
  "// 主标题 - 显示在轮播图上方": "",
  "mainTitle": "2024春季新品",
  
  "// 副标题 - 显示在主标题下方": "",
  "subTitle": "限时特惠",
  
  "// 描述文字 - 显示在副标题下方": "",
  "description": "全场8.8折",
  
  "// 图片地址 - 请将图片上传到云存储后把链接粘贴在这里": "",
  "imageUrl": "cloud://xxx.jpg",
  
  "// 点击跳转 - 填写要跳转的页面路径": "",
  "linkTo": "/pages/detail/detail"
} 