{
  "description": "项目私有配置文件。此文件中的内容将覆盖 project.config.json 中的相同字段。项目的改动优先同步到此文件中。详见文档：https://developers.weixin.qq.com/miniprogram/dev/devtools/projectconfig.html",
  "projectname": "DHUA",
  "setting": {
    "compileHotReLoad": true,
    "urlCheck": false,
    "skylineRenderEnable": true,
    "lazyloadPlaceholderEnable": true
  },
  "condition": {
    "miniprogram": {
      "list": [
        {
          "name": "pages/detail/index",
          "pathName": "pages/detail/index",
          "query": "wx.navigateTo",
          "launchMode": "default",
          "scene": null
        },
        {
          "name": "主页面。",
          "pathName": "pages/index/index",
          "query": "showLaunch=false",
          "launchMode": "default",
          "scene": null
        }
      ]
    }
  },
  "libVersion": "3.7.9"
}