{
  "backgrounds": [
    {
      "id": "bg1",
      "imageUrl": "http://ssdue7pv4.hn-bkt.clouddn.com/%E5%BC%B9%E5%85%A5%E5%BC%B9%E5%87%BA%E5%9B%BE%E7%89%87%E6%B5%8B%E8%AF%95%E3%80%82/1%20%281%29.webp",
      "type": "url",
      "title": "美甲喷绘",
      "color": "#000000",
      "description": "第一张背景图"
    },
    {
      "id": "bg2",
      "imageUrl": "http://ssdue7pv4.hn-bkt.clouddn.com/%E5%BC%B9%E5%85%A5%E5%BC%B9%E5%87%BA%E5%9B%BE%E7%89%87%E6%B5%8B%E8%AF%95%E3%80%82/4%20%281%29.webp",
      "type": "url",
      "title": "专业教程",
      "color": "#1a1a1a",
      "description": "第二张背景图"
    },
    {
      "id": "bg3",
      "imageUrl": "http://ssdue7pv4.hn-bkt.clouddn.com/%E5%BC%B9%E5%85%A5%E5%BC%B9%E5%87%BA%E5%9B%BE%E7%89%87%E6%B5%8B%E8%AF%95%E3%80%82/3.webp",
      "type": "url",
      "title": "技术学习",
      "color": "#2a2a2a",
      "description": "第三张背景图"
    }
  ],
  "sourceType": "url"
} 